STATEFP,COUNTYFP,TRACTCE,GEOID,GEOIDFQ,NAME,NAMELSAD,MTFCC,FUNCSTAT,ALAND,AWATER,INTPTLAT,INTPTLON,acs2022_5yr_geoid,acs2022_5yr_name,acs2022_5yr_total 65 and older,acs2022_5yr_geoid_new,acs2022_5yr_65_proportion
"06","001","442700","06001442700",1400000US06001442700,"4427",Census Tract 4427,G5020,S,"1234016","0","+37.5371513","-122.0081095",14000US06001442700,"Census Tract 4427, Alameda, CA","458","06001442700",0.145906339598598
"06","001","442800","06001442800",1400000US06001442800,"4428",Census Tract 4428,G5020,S,"1278646","0","+37.5293619","-121.9931002",14000US06001442800,"Census Tract 4428, Alameda, CA","462","06001442800",0.148314606741573
"06","001","442900","06001442900",1400000US06001442900,"4429",Census Tract 4429,G5020,S,"2066523","0","+37.5184093","-121.9748369",14000US06001442900,"Census Tract 4429, Alameda, CA","942","06001442900",0.12107969151671
"06","001","443001","06001443001",1400000US06001443001,"4430.01",Census Tract 4430.01,G5020,S,"768730","0","+37.5184218","-121.9515237",14000US06001443001,"Census Tract 4430.01, Alameda, CA","237","06001443001",0.0858073859522085
"06","001","443002","06001443002",1400000US06001443002,"4430.02",Census Tract 4430.02,G5020,S,"1580322","0","+37.5168344","-121.9605916",14000US06001443002,"Census Tract 4430.02, Alameda, CA","836","06001443002",0.126685861494166
"06","001","443102","06001443102",1400000US06001443102,"4431.02",Census Tract 4431.02,G5020,S,"2367415","0","+37.5072245","-121.9271486",14000US06001443102,"Census Tract 4431.02, Alameda, CA","734","06001443102",0.152408637873754
"06","001","443301","06001443301",1400000US06001443301,"4433.01",Census Tract 4433.01,G5020,S,"1556745","0","+37.4707721","-121.9130472",14000US06001443301,"Census Tract 4433.01, Alameda, CA","739","06001443301",0.167992725619459
"06","001","444100","06001444100",1400000US06001444100,"4441",Census Tract 4441,G5020,S,"2955571","60526","+37.5509780","-122.0361606",14000US06001444100,"Census Tract 4441, Alameda, CA","1423","06001444100",0.197337401192622
"06","001","444200","06001444200",1400000US06001444200,"4442",Census Tract 4442,G5020,S,"2069720","0","+37.5425433","-122.0457280",14000US06001444200,"Census Tract 4442, Alameda, CA","944","06001444200",0.139191978767325
"06","001","444400","06001444400",1400000US06001444400,"4444",Census Tract 4444,G5020,S,"1027755","0","+37.5362315","-122.0353380",14000US06001444400,"Census Tract 4444, Alameda, CA","501","06001444400",0.0933482392397988
"06","001","444500","06001444500",1400000US06001444500,"4445",Census Tract 4445,G5020,S,"1959283","0","+37.5342653","-122.0273658",14000US06001444500,"Census Tract 4445, Alameda, CA","690","06001444500",0.0987406983400115
"06","001","450200","06001450200",1400000US06001450200,"4502",Census Tract 4502,G5020,S,"1612601","0","+37.7224277","-121.9154123",14000US06001450200,"Census Tract 4502, Alameda, CA","697","06001450200",0.132207890743551
"06","001","450300","06001450300",1400000US06001450300,"4503",Census Tract 4503,G5020,S,"3133641","0","+37.7106517","-121.9177272",14000US06001450300,"Census Tract 4503, Alameda, CA","748","06001450300",0.139188686267213
"06","001","441402","06001441402",1400000US06001441402,"4414.02",Census Tract 4414.02,G5020,S,"1662787","0","+37.5823293","-122.0400088",14000US06001441402,"Census Tract 4414.02, Alameda, CA","960","06001441402",0.179640718562874
"06","001","441501","06001441501",1400000US06001441501,"4415.01",Census Tract 4415.01,G5020,S,"2858378","0","+37.5695603","-122.0740416",14000US06001441501,"Census Tract 4415.01, Alameda, CA","1233","06001441501",0.215446444172637
"06","001","441521","06001441521",1400000US06001441521,"4415.21",Census Tract 4415.21,G5020,S,"1623727","0","+37.5730234","-122.0528477",14000US06001441521,"Census Tract 4415.21, Alameda, CA","1038","06001441521",0.172539893617021
"06","001","441522","06001441522",1400000US06001441522,"4415.22",Census Tract 4415.22,G5020,S,"1315100","0","+37.5846106","-122.0572653",14000US06001441522,"Census Tract 4415.22, Alameda, CA","694","06001441522",0.131563981042654
"06","001","441601","06001441601",1400000US06001441601,"4416.01",Census Tract 4416.01,G5020,S,"1296670","0","+37.5635065","-122.0305636",14000US06001441601,"Census Tract 4416.01, Alameda, CA","816","06001441601",0.170925848345203
"06","001","441602","06001441602",1400000US06001441602,"4416.02",Census Tract 4416.02,G5020,S,"1682081","0","+37.5569619","-122.0212342",14000US06001441602,"Census Tract 4416.02, Alameda, CA","1273","06001441602",0.169529897456386
"06","001","441800","06001441800",1400000US06001441800,"4418",Census Tract 4418,G5020,S,"2037722","0","+37.5591958","-121.9915699",14000US06001441800,"Census Tract 4418, Alameda, CA","872","06001441800",0.140441294894508
"06","001","441921","06001441921",1400000US06001441921,"4419.21",Census Tract 4419.21,G5020,S,"846804","0","+37.5424223","-121.9678076",14000US06001441921,"Census Tract 4419.21, Alameda, CA","279","06001441921",0.0724863600935308
"06","001","441923","06001441923",1400000US06001441923,"4419.23",Census Tract 4419.23,G5020,S,"1509388","0","+37.5509616","-121.9850062",14000US06001441923,"Census Tract 4419.23, Alameda, CA","627","06001441923",0.108533841093993
"06","001","442100","06001442100",1400000US06001442100,"4421",Census Tract 4421,G5020,S,"1858816","0","+37.5481429","-121.9499143",14000US06001442100,"Census Tract 4421, Alameda, CA","804","06001442100",0.150929228458795
"06","001","442400","06001442400",1400000US06001442400,"4424",Census Tract 4424,G5020,S,"1582838","0","+37.5313806","-121.9737794",14000US06001442400,"Census Tract 4424, Alameda, CA","723","06001442400",0.112669471715755
"06","001","441525","06001441525",1400000US06001441525,"4415.25",Census Tract 4415.25,G5020,S,"4661895","0","+37.4990214","-121.9388552",14000US06001441525,"Census Tract 4415.25, Alameda, CA","27","06001441525",0.0168434185901435
"06","001","440337","06001440337",1400000US06001440337,"4403.37",Census Tract 4403.37,G5020,S,"1134111","0","+37.5937696","-122.0108429",14000US06001440337,"Census Tract 4403.37, Alameda, CA","411","06001440337",0.144109396914446
"06","001","440338","06001440338",1400000US06001440338,"4403.38",Census Tract 4403.38,G5020,S,"865406","0","+37.5882461","-122.0142011",14000US06001440338,"Census Tract 4403.38, Alameda, CA","180","06001440338",0.043956043956044
"06","001","451103","06001451103",1400000US06001451103,"4511.03",Census Tract 4511.03,G5020,S,"60250500","0","+37.6388221","-121.7290430",14000US06001451103,"Census Tract 4511.03, Alameda, CA","254","06001451103",0.186627479794269
"06","001","432602","06001432602",1400000US06001432602,"4326.02",Census Tract 4326.02,G5020,S,"613212","0","+37.7247163","-122.1508066",14000US06001432602,"Census Tract 4326.02, Alameda, CA","466","06001432602",0.149215497918668
"06","001","451104","06001451104",1400000US06001451104,"4511.04",Census Tract 4511.04,G5020,S,"492034442","5503316","+37.6343064","-121.6163068",14000US06001451104,"Census Tract 4511.04, Alameda, CA","665","06001451104",0.0928252372975991
"06","001","441928","06001441928",1400000US06001441928,"4419.28",Census Tract 4419.28,G5020,S,"2533680","253509","+37.5499103","-121.9629333",14000US06001441928,"Census Tract 4419.28, Alameda, CA","431","06001441928",0.115364025695931
"06","001","441929","06001441929",1400000US06001441929,"4419.29",Census Tract 4419.29,G5020,S,"482755","0","+37.5543457","-121.9723074",14000US06001441929,"Census Tract 4419.29, Alameda, CA","278","06001441929",0.0907310704960835
"06","001","441701","06001441701",1400000US06001441701,"4417.01",Census Tract 4417.01,G5020,S,"1101467","0","+37.5479521","-122.0150386",14000US06001441701,"Census Tract 4417.01, Alameda, CA","454","06001441701",0.116889804325438
"06","001","444304","06001444304",1400000US06001444304,"4443.04",Census Tract 4443.04,G5020,S,"16787479","0","+37.5081370","-122.0358825",14000US06001444304,"Census Tract 4443.04, Alameda, CA","513","06001444304",0.0800561797752809
"06","001","436404","06001436404",1400000US06001436404,"4364.04",Census Tract 4364.04,G5020,S,"1573797","0","+37.6737239","-122.0592192",14000US06001436404,"Census Tract 4364.04, Alameda, CA","653","06001436404",0.202042079207921
"06","001","436301","06001436301",1400000US06001436301,"4363.01",Census Tract 4363.01,G5020,S,"1057644","0","+37.6678078","-122.0945904",14000US06001436301,"Census Tract 4363.01, Alameda, CA","441","06001436301",0.0839200761179829
"06","001","450400","06001450400",1400000US06001450400,"4504",Census Tract 4504,G5020,S,"3148410","0","+37.7126655","-121.9324172",14000US06001450400,"Census Tract 4504, Alameda, CA","1103","06001450400",0.139868120720264
"06","001","441702","06001441702",1400000US06001441702,"4417.02",Census Tract 4417.02,G5020,S,"1128742","0","+37.5583412","-122.0082979",14000US06001441702,"Census Tract 4417.02, Alameda, CA","527","06001441702",0.104625769307127
"06","001","433801","06001433801",1400000US06001433801,"4338.01",Census Tract 4338.01,G5020,S,"600344","0","+37.7049461","-122.1226567",14000US06001433801,"Census Tract 4338.01, Alameda, CA","489","06001433801",0.138605442176871
"06","001","433802","06001433802",1400000US06001433802,"4338.02",Census Tract 4338.02,G5020,S,"934044","0","+37.6948314","-122.1238940",14000US06001433802,"Census Tract 4338.02, Alameda, CA","760","06001433802",0.176703092304115
"06","001","436302","06001436302",1400000US06001436302,"4363.02",Census Tract 4363.02,G5020,S,"773495","0","+37.6641766","-122.0877950",14000US06001436302,"Census Tract 4363.02, Alameda, CA","485","06001436302",0.123346897253306
"06","001","436403","06001436403",1400000US06001436403,"4364.03",Census Tract 4364.03,G5020,S,"1585686","0","+37.6691520","-122.0708563",14000US06001436403,"Census Tract 4364.03, Alameda, CA","507","06001436403",0.112192963044921
"06","001","403402","06001403402",1400000US06001403402,"4034.02",Census Tract 4034.02,G5020,S,"99215","0","+37.8024095","-122.2651075",14000US06001403402,"Census Tract 4034.02, Alameda, CA","115","06001403402",0.101410934744268
"06","001","442502","06001442502",1400000US06001442502,"4425.02",Census Tract 4425.02,G5020,S,"971665","0","+37.5396667","-121.9903682",14000US06001442502,"Census Tract 4425.02, Alameda, CA","588","06001442502",0.15209518882566
"06","001","442501","06001442501",1400000US06001442501,"4425.01",Census Tract 4425.01,G5020,S,"983968","0","+37.5346224","-121.9839849",14000US06001442501,"Census Tract 4425.01, Alameda, CA","447","06001442501",0.136280487804878
"06","001","450609","06001450609",1400000US06001450609,"4506.09",Census Tract 4506.09,G5020,S,"2688381","0","+37.6891989","-121.9239700",14000US06001450609,"Census Tract 4506.09, Alameda, CA","890","06001450609",0.180600649350649
"06","001","450608","06001450608",1400000US06001450608,"4506.08",Census Tract 4506.08,G5020,S,"3513932","0","+37.6564813","-121.9043199",14000US06001450608,"Census Tract 4506.08, Alameda, CA","587","06001450608",0.12601975096608
"06","001","444303","06001444303",1400000US06001444303,"4443.03",Census Tract 4443.03,G5020,S,"5643025","0","+37.5249502","-122.0812538",14000US06001444303,"Census Tract 4443.03, Alameda, CA","0","06001444303",
"06","001","432601","06001432601",1400000US06001432601,"4326.01",Census Tract 4326.01,G5020,S,"1060237","0","+37.7215214","-122.1576682",14000US06001432601,"Census Tract 4326.01, Alameda, CA","636","06001432601",0.155425219941349
"06","001","403401","06001403401",1400000US06001403401,"4034.01",Census Tract 4034.01,G5020,S,"549686","602434","+37.8092493","-122.2597833",14000US06001403401,"Census Tract 4034.01, Alameda, CA","843","06001403401",0.310268678689731
"06","001","403302","06001403302",1400000US06001403302,"4033.02",Census Tract 4033.02,G5020,S,"719239","104126","+37.7937603","-122.2667344",14000US06001403302,"Census Tract 4033.02, Alameda, CA","157","06001403302",0.0614241001564945
"06","001","403301","06001403301",1400000US06001403301,"4033.01",Census Tract 4033.01,G5020,S,"196598","0","+37.7981065","-122.2669550",14000US06001403301,"Census Tract 4033.01, Alameda, CA","467","06001403301",0.255191256830601
"06","001","982100","06001982100",1400000US06001982100,"9821",Census Tract 9821,G5020,S,"1695361","0","+37.8737516","-122.2546176",14000US06001982100,"Census Tract 9821, Alameda, CA","2","06001982100",0.00216684723726977
"06","001","420302","06001420302",1400000US06001420302,"4203.02",Census Tract 4203.02,G5020,S,"870122","1109281","+37.8906499","-122.3181164",14000US06001420302,"Census Tract 4203.02, Alameda, CA","294","06001420302",0.120196238757155
"06","001","402801","06001402801",1400000US06001402801,"4028.01",Census Tract 4028.01,G5020,S,"291472","0","+37.8095483","-122.2707403",14000US06001402801,"Census Tract 4028.01, Alameda, CA","569","06001402801",0.174861708666257
"06","001","402802","06001402802",1400000US06001402802,"4028.02",Census Tract 4028.02,G5020,S,"118446","0","+37.8070174","-122.2735577",14000US06001402802,"Census Tract 4028.02, Alameda, CA","450","06001402802",0.314685314685315
"06","001","420401","06001420401",1400000US06001420401,"4204.01",Census Tract 4204.01,G5020,S,"200056","0","+37.8848762","-122.2997917",14000US06001420401,"Census Tract 4204.01, Alameda, CA","112","06001420401",0.0840210052513128
"06","001","422902","06001422902",1400000US06001422902,"4229.02",Census Tract 4229.02,G5020,S,"385452","0","+37.8687746","-122.2698172",14000US06001422902,"Census Tract 4229.02, Alameda, CA","67","06001422902",0.0221707478491066
"06","001","422901","06001422901",1400000US06001422901,"4229.01",Census Tract 4229.01,G5020,S,"158830","0","+37.8657427","-122.2678632",14000US06001422901,"Census Tract 4229.01, Alameda, CA","147","06001422901",0.0726284584980237
"06","001","420402","06001420402",1400000US06001420402,"4204.02",Census Tract 4204.02,G5020,S,"920050","1632801","+37.8862110","-122.3141636",14000US06001420402,"Census Tract 4204.02, Alameda, CA","17","06001420402",0.0102347983142685
"06","001","420301","06001420301",1400000US06001420301,"4203.01",Census Tract 4203.01,G5020,S,"415655","0","+37.8947347","-122.3047951",14000US06001420301,"Census Tract 4203.01, Alameda, CA","452","06001420301",0.170888468809074
"06","001","450603","06001450603",1400000US06001450603,"4506.03",Census Tract 4506.03,G5020,S,"3918835","0","+37.6888372","-121.9106075",14000US06001450603,"Census Tract 4506.03, Alameda, CA","685","06001450603",0.139881560138861
"06","001","450604","06001450604",1400000US06001450604,"4506.04",Census Tract 4506.04,G5020,S,"2113004","0","+37.6811898","-121.8865528",14000US06001450604,"Census Tract 4506.04, Alameda, CA","1029","06001450604",0.206088523933507
"06","001","450605","06001450605",1400000US06001450605,"4506.05",Census Tract 4506.05,G5020,S,"1770810","0","+37.6721104","-121.8819955",14000US06001450605,"Census Tract 4506.05, Alameda, CA","587","06001450605",0.153906659674882
"06","001","450606","06001450606",1400000US06001450606,"4506.06",Census Tract 4506.06,G5020,S,"2028174","0","+37.6694706","-121.8997590",14000US06001450606,"Census Tract 4506.06, Alameda, CA","1010","06001450606",0.167551426675514
"06","001","451701","06001451701",1400000US06001451701,"4517.01",Census Tract 4517.01,G5020,S,"1222738","0","+37.6721084","-121.7879470",14000US06001451701,"Census Tract 4517.01, Alameda, CA","407","06001451701",0.138623978201635
"06","001","451501","06001451501",1400000US06001451501,"4515.01",Census Tract 4515.01,G5020,S,"5051107","0","+37.6733478","-121.7369681",14000US06001451501,"Census Tract 4515.01, Alameda, CA","798","06001451501",0.177491103202847
"06","001","408000","06001408000",1400000US06001408000,"4080",Census Tract 4080,G5020,S,"1955276","0","+37.8029603","-122.1828718",14000US06001408000,"Census Tract 4080, Alameda, CA","692","06001408000",0.241958041958042
"06","001","441401","06001441401",1400000US06001441401,"4414.01",Census Tract 4414.01,G5020,S,"1856512","0","+37.5735085","-122.0375264",14000US06001441401,"Census Tract 4414.01, Alameda, CA","983","06001441401",0.13021592263876
"06","001","432400","06001432400",1400000US06001432400,"4324",Census Tract 4324,G5020,S,"6442759","1843213","+37.7085402","-122.1858996",14000US06001432400,"Census Tract 4324, Alameda, CA","790","06001432400",0.124487866372518
"06","001","404300","06001404300",1400000US06001404300,"4043",Census Tract 4043,G5020,S,"1817027","37495","+37.8448210","-122.2385523",14000US06001404300,"Census Tract 4043, Alameda, CA","751","06001404300",0.209367159185949
"06","001","435104","06001435104",1400000US06001435104,"4351.04",Census Tract 4351.04,G5020,S,"7240654","0","+37.6385144","-122.0388422",14000US06001435104,"Census Tract 4351.04, Alameda, CA","707","06001435104",0.103121353558926
"06","001","405301","06001405301",1400000US06001405301,"4053.01",Census Tract 4053.01,G5020,S,"227753","0","+37.8020757","-122.2513558",14000US06001405301,"Census Tract 4053.01, Alameda, CA","355","06001405301",0.123607242339833
"06","001","982000","06001982000",1400000US06001982000,"9820",Census Tract 9820,G5020,S,"1269350","453537","+37.7960280","-122.2953295",14000US06001982000,"Census Tract 9820, Alameda, CA","20","06001982000",0.4
"06","001","450102","06001450102",1400000US06001450102,"4501.02",Census Tract 4501.02,G5020,S,"9587788","0","+37.7208227","-121.8911768",14000US06001450102,"Census Tract 4501.02, Alameda, CA","429","06001450102",0.0581616052060738
"06","001","443321","06001443321",1400000US06001443321,"4433.21",Census Tract 4433.21,G5020,S,"558876","0","+37.4902703","-121.9242859",14000US06001443321,"Census Tract 4433.21, Alameda, CA","401","06001443321",0.118920521945433
"06","001","444602","06001444602",1400000US06001444602,"4446.02",Census Tract 4446.02,G5020,S,"5618904","0","+37.5116224","-122.0028758",14000US06001444602,"Census Tract 4446.02, Alameda, CA","557","06001444602",0.112867274569402
"06","001","450502","06001450502",1400000US06001450502,"4505.02",Census Tract 4505.02,G5020,S,"11295331","0","+37.7102505","-121.9676415",14000US06001450502,"Census Tract 4505.02, Alameda, CA","1196","06001450502",0.190871369294606
"06","001","450751","06001450751",1400000US06001450751,"4507.51",Census Tract 4507.51,G5020,S,"10011414","0","+37.7164128","-121.8428623",14000US06001450751,"Census Tract 4507.51, Alameda, CA","678","06001450751",0.0535460432791028
"06","001","450752","06001450752",1400000US06001450752,"4507.52",Census Tract 4507.52,G5020,S,"17396450","0","+37.7409198","-121.8239920",14000US06001450752,"Census Tract 4507.52, Alameda, CA","684","06001450752",0.0710206624441906
"06","001","435602","06001435602",1400000US06001435602,"4356.02",Census Tract 4356.02,G5020,S,"1143135","0","+37.6819299","-122.1070000",14000US06001435602,"Census Tract 4356.02, Alameda, CA","872","06001435602",0.153764768118498
"06","001","437101","06001437101",1400000US06001437101,"4371.01",Census Tract 4371.01,G5020,S,"49264545","7210036","+37.6059048","-122.1268730",14000US06001437101,"Census Tract 4371.01, Alameda, CA","1266","06001437101",0.159045226130653
"06","001","438203","06001438203",1400000US06001438203,"4382.03",Census Tract 4382.03,G5020,S,"5255991","0","+37.6156286","-122.0575298",14000US06001438203,"Census Tract 4382.03, Alameda, CA","744","06001438203",0.181862625274994
"06","001","443105","06001443105",1400000US06001443105,"4431.05",Census Tract 4431.05,G5020,S,"3289426","0","+37.5218355","-121.9322560",14000US06001443105,"Census Tract 4431.05, Alameda, CA","815","06001443105",0.174592973436161
"06","001","451504","06001451504",1400000US06001451504,"4515.04",Census Tract 4515.04,G5020,S,"3247420","0","+37.6979401","-121.7322366",14000US06001451504,"Census Tract 4515.04, Alameda, CA","185","06001451504",0.120207927225471
"06","001","403502","06001403502",1400000US06001403502,"4035.02",Census Tract 4035.02,G5020,S,"181133","0","+37.8159444","-122.2569636",14000US06001403502,"Census Tract 4035.02, Alameda, CA","224","06001403502",0.116727462219906
"06","001","403702","06001403702",1400000US06001403702,"4037.02",Census Tract 4037.02,G5020,S,"199100","0","+37.8094979","-122.2520933",14000US06001403702,"Census Tract 4037.02, Alameda, CA","246","06001403702",0.109919571045576
"06","001","425101","06001425101",1400000US06001425101,"4251.01",Census Tract 4251.01,G5020,S,"598450","2087491","+37.8382532","-122.3054128",14000US06001425101,"Census Tract 4251.01, Alameda, CA","460","06001425101",0.262257696693273
"06","001","430101","06001430101",1400000US06001430101,"4301.01",Census Tract 4301.01,G5020,S,"25683484","0","+37.7272887","-122.0150232",14000US06001430101,"Census Tract 4301.01, Alameda, CA","1247","06001430101",0.177281774239409
"06","001","430102","06001430102",1400000US06001430102,"4301.02",Census Tract 4301.02,G5020,S,"77663212","3506442","+37.7674981","-122.0500120",14000US06001430102,"Census Tract 4301.02, Alameda, CA","696","06001430102",0.283041886945913
"06","001","408200","06001408200",1400000US06001408200,"4082",Census Tract 4082,G5020,S,"901140","0","+37.7751040","-122.1755739",14000US06001408200,"Census Tract 4082, Alameda, CA","737","06001408200",0.1648400805189
"06","001","408400","06001408400",1400000US06001408400,"4084",Census Tract 4084,G5020,S,"542834","0","+37.7646042","-122.1709592",14000US06001408400,"Census Tract 4084, Alameda, CA","506","06001408400",0.12411086583272
"06","001","408500","06001408500",1400000US06001408500,"4085",Census Tract 4085,G5020,S,"831360","0","+37.7604176","-122.1785112",14000US06001408500,"Census Tract 4085, Alameda, CA","511","06001408500",0.0906993255236067
"06","001","408600","06001408600",1400000US06001408600,"4086",Census Tract 4086,G5020,S,"1059985","0","+37.7661938","-122.1822982",14000US06001408600,"Census Tract 4086, Alameda, CA","650","06001408600",0.0997085442552539
"06","001","408700","06001408700",1400000US06001408700,"4087",Census Tract 4087,G5020,S,"1133375","0","+37.7688645","-122.1889326",14000US06001408700,"Census Tract 4087, Alameda, CA","816","06001408700",0.109442060085837
"06","001","408800","06001408800",1400000US06001408800,"4088",Census Tract 4088,G5020,S,"1179466","0","+37.7589180","-122.1969979",14000US06001408800,"Census Tract 4088, Alameda, CA","590","06001408800",0.0740461847389558
"06","001","408900","06001408900",1400000US06001408900,"4089",Census Tract 4089,G5020,S,"827293","0","+37.7541581","-122.1889463",14000US06001408900,"Census Tract 4089, Alameda, CA","400","06001408900",0.101112234580384
"06","001","409100","06001409100",1400000US06001409100,"4091",Census Tract 4091,G5020,S,"490550","0","+37.7323419","-122.1834828",14000US06001409100,"Census Tract 4091, Alameda, CA","243","06001409100",0.0959715639810427
"06","001","409200","06001409200",1400000US06001409200,"4092",Census Tract 4092,G5020,S,"706471","0","+37.7291306","-122.1778427",14000US06001409200,"Census Tract 4092, Alameda, CA","347","06001409200",0.0959889349930844
"06","001","409300","06001409300",1400000US06001409300,"4093",Census Tract 4093,G5020,S,"1076042","0","+37.7378474","-122.1733603",14000US06001409300,"Census Tract 4093, Alameda, CA","376","06001409300",0.065471008183876
"06","001","409400","06001409400",1400000US06001409400,"4094",Census Tract 4094,G5020,S,"1253618","0","+37.7446130","-122.1803623",14000US06001409400,"Census Tract 4094, Alameda, CA","327","06001409400",0.0694267515923567
"06","001","409500","06001409500",1400000US06001409500,"4095",Census Tract 4095,G5020,S,"836611","0","+37.7504463","-122.1837659",14000US06001409500,"Census Tract 4095, Alameda, CA","312","06001409500",0.072710323933815
"06","001","409600","06001409600",1400000US06001409600,"4096",Census Tract 4096,G5020,S,"747478","0","+37.7532669","-122.1726197",14000US06001409600,"Census Tract 4096, Alameda, CA","518","06001409600",0.100797820587663
"06","001","409700","06001409700",1400000US06001409700,"4097",Census Tract 4097,G5020,S,"810928","0","+37.7564185","-122.1658933",14000US06001409700,"Census Tract 4097, Alameda, CA","375","06001409700",0.0715648854961832
"06","001","410100","06001410100",1400000US06001410100,"4101",Census Tract 4101,G5020,S,"808994","0","+37.7477424","-122.1533513",14000US06001410100,"Census Tract 4101, Alameda, CA","423","06001410100",0.133354350567465
"06","001","410200","06001410200",1400000US06001410200,"4102",Census Tract 4102,G5020,S,"585837","0","+37.7453063","-122.1571742",14000US06001410200,"Census Tract 4102, Alameda, CA","381","06001410200",0.117665225447807
"06","001","410400","06001410400",1400000US06001410400,"4104",Census Tract 4104,G5020,S,"706611","0","+37.7408161","-122.1621741",14000US06001410400,"Census Tract 4104, Alameda, CA","569","06001410400",0.121399615959036
"06","001","420100","06001420100",1400000US06001420100,"4201",Census Tract 4201,G5020,S,"562477","0","+37.8946938","-122.2909385",14000US06001420100,"Census Tract 4201, Alameda, CA","483","06001420100",0.183580387685291
"06","001","420200","06001420200",1400000US06001420200,"4202",Census Tract 4202,G5020,S,"449142","0","+37.8944075","-122.2974489",14000US06001420200,"Census Tract 4202, Alameda, CA","474","06001420200",0.144732824427481
"06","001","420500","06001420500",1400000US06001420500,"4205",Census Tract 4205,G5020,S,"420968","0","+37.8866878","-122.2949826",14000US06001420500,"Census Tract 4205, Alameda, CA","311","06001420500",0.122056514913658
"06","001","421100","06001421100",1400000US06001421100,"4211",Census Tract 4211,G5020,S,"745511","0","+37.8994340","-122.2661928",14000US06001421100,"Census Tract 4211, Alameda, CA","648","06001421100",0.307400379506641
"06","001","421400","06001421400",1400000US06001421400,"4214",Census Tract 4214,G5020,S,"474778","0","+37.8883409","-122.2709220",14000US06001421400,"Census Tract 4214, Alameda, CA","650","06001421400",0.396825396825397
"06","001","421700","06001421700",1400000US06001421700,"4217",Census Tract 4217,G5020,S,"573819","0","+37.8819398","-122.2701842",14000US06001421700,"Census Tract 4217, Alameda, CA","867","06001421700",0.253434668225665
"06","001","421800","06001421800",1400000US06001421800,"4218",Census Tract 4218,G5020,S,"528482","0","+37.8802854","-122.2782006",14000US06001421800,"Census Tract 4218, Alameda, CA","499","06001421800",0.220796460176991
"06","001","421900","06001421900",1400000US06001421900,"4219",Census Tract 4219,G5020,S,"845060","0","+37.8794472","-122.2896362",14000US06001421900,"Census Tract 4219, Alameda, CA","703","06001421900",0.169765757063511
"06","001","420600","06001420600",1400000US06001420600,"4206",Census Tract 4206,G5020,S,"797566","0","+37.8869937","-122.2870443",14000US06001420600,"Census Tract 4206, Alameda, CA","627","06001420600",0.179759174311927
"06","001","407000","06001407000",1400000US06001407000,"4070",Census Tract 4070,G5020,S,"862936","0","+37.7879458","-122.2024901",14000US06001407000,"Census Tract 4070, Alameda, CA","1009","06001407000",0.162689455014511
"06","001","407200","06001407200",1400000US06001407200,"4072",Census Tract 4072,G5020,S,"715073","0","+37.7777848","-122.2192819",14000US06001407200,"Census Tract 4072, Alameda, CA","580","06001407200",0.0886308068459658
"06","001","407300","06001407300",1400000US06001407300,"4073",Census Tract 4073,G5020,S,"2370917","209253","+37.7621786","-122.2109235",14000US06001407300,"Census Tract 4073, Alameda, CA","190","06001407300",0.0772671817812119
"06","001","407400","06001407400",1400000US06001407400,"4074",Census Tract 4074,G5020,S,"511491","0","+37.7710407","-122.2067479",14000US06001407400,"Census Tract 4074, Alameda, CA","590","06001407400",0.139085337105139
"06","001","407600","06001407600",1400000US06001407600,"4076",Census Tract 4076,G5020,S,"1022710","0","+37.7775293","-122.2031992",14000US06001407600,"Census Tract 4076, Alameda, CA","664","06001407600",0.102802291376374
"06","001","407700","06001407700",1400000US06001407700,"4077",Census Tract 4077,G5020,S,"914283","0","+37.7765251","-122.1932278",14000US06001407700,"Census Tract 4077, Alameda, CA","627","06001407700",0.14794714487966
"06","001","407800","06001407800",1400000US06001407800,"4078",Census Tract 4078,G5020,S,"1221764","0","+37.7817468","-122.1868539",14000US06001407800,"Census Tract 4078, Alameda, CA","311","06001407800",0.112314915131817
"06","001","423700","06001423700",1400000US06001423700,"4237",Census Tract 4237,G5020,S,"728688","0","+37.8618284","-122.2490093",14000US06001423700,"Census Tract 4237, Alameda, CA","560","06001423700",0.155296727676095
"06","001","423800","06001423800",1400000US06001423800,"4238",Census Tract 4238,G5020,S,"1084723","0","+37.8547209","-122.2441397",14000US06001423800,"Census Tract 4238, Alameda, CA","897","06001423800",0.261897810218978
"06","001","423901","06001423901",1400000US06001423901,"4239.01",Census Tract 4239.01,G5020,S,"394492","0","+37.8522460","-122.2675640",14000US06001423901,"Census Tract 4239.01, Alameda, CA","380","06001423901",0.16829052258636
"06","001","427700","06001427700",1400000US06001427700,"4277",Census Tract 4277,G5020,S,"999701","708894","+37.7681553","-122.2868948",14000US06001427700,"Census Tract 4277, Alameda, CA","756","06001427700",0.150928329007786
"06","001","427800","06001427800",1400000US06001427800,"4278",Census Tract 4278,G5020,S,"831152","0","+37.7714922","-122.2690581",14000US06001427800,"Census Tract 4278, Alameda, CA","511","06001427800",0.119560131024801
"06","001","424001","06001424001",1400000US06001424001,"4240.01",Census Tract 4240.01,G5020,S,"507530","0","+37.8503694","-122.2746228",14000US06001424001,"Census Tract 4240.01, Alameda, CA","453","06001424001",0.124759019553842
"06","001","428100","06001428100",1400000US06001428100,"4281",Census Tract 4281,G5020,S,"994804","38328","+37.7589136","-122.2346068",14000US06001428100,"Census Tract 4281, Alameda, CA","881","06001428100",0.18105219893136
"06","001","428200","06001428200",1400000US06001428200,"4282",Census Tract 4282,G5020,S,"1362067","804742","+37.7533497","-122.2396803",14000US06001428200,"Census Tract 4282, Alameda, CA","1558","06001428200",0.240617760617761
"06","001","428301","06001428301",1400000US06001428301,"4283.01",Census Tract 4283.01,G5020,S,"4300902","1597298","+37.7344929","-122.2414385",14000US06001428301,"Census Tract 4283.01, Alameda, CA","1238","06001428301",0.171872830764959
"06","001","428302","06001428302",1400000US06001428302,"4283.02",Census Tract 4283.02,G5020,S,"2231409","474770","+37.7439709","-122.2497790",14000US06001428302,"Census Tract 4283.02, Alameda, CA","1710","06001428302",0.243520364568499
"06","001","428400","06001428400",1400000US06001428400,"4284",Census Tract 4284,G5020,S,"810521","1168052","+37.7564138","-122.2559068",14000US06001428400,"Census Tract 4284, Alameda, CA","813","06001428400",0.17094196804037
"06","001","430900","06001430900",1400000US06001430900,"4309",Census Tract 4309,G5020,S,"1096550","0","+37.6982784","-122.0828322",14000US06001430900,"Census Tract 4309, Alameda, CA","738","06001430900",0.141542002301496
"06","001","431000","06001431000",1400000US06001431000,"4310",Census Tract 4310,G5020,S,"954210","0","+37.6929313","-122.0784573",14000US06001431000,"Census Tract 4310, Alameda, CA","660","06001431000",0.213523131672598
"06","001","432100","06001432100",1400000US06001432100,"4321",Census Tract 4321,G5020,S,"1105772","0","+37.7360495","-122.1466048",14000US06001432100,"Census Tract 4321, Alameda, CA","516","06001432100",0.132579650565262
"06","001","428000","06001428000",1400000US06001428000,"4280",Census Tract 4280,G5020,S,"525761","0","+37.7666414","-122.2475404",14000US06001428000,"Census Tract 4280, Alameda, CA","342","06001428000",0.117687543014453
"06","001","428500","06001428500",1400000US06001428500,"4285",Census Tract 4285,G5020,S,"624197","383522","+37.7601324","-122.2593887",14000US06001428500,"Census Tract 4285, Alameda, CA","552","06001428500",0.167171411265899
"06","001","428600","06001428600",1400000US06001428600,"4286",Census Tract 4286,G5020,S,"898967","1080420","+37.7662730","-122.2738461",14000US06001428600,"Census Tract 4286, Alameda, CA","815","06001428600",0.25193199381762
"06","001","430300","06001430300",1400000US06001430300,"4303",Census Tract 4303,G5020,S,"2551932","9638","+37.7172764","-122.0819576",14000US06001430300,"Census Tract 4303, Alameda, CA","875","06001430300",0.203962703962704
"06","001","430400","06001430400",1400000US06001430400,"4304",Census Tract 4304,G5020,S,"2433270","481854","+37.7212084","-122.1010957",14000US06001430400,"Census Tract 4304, Alameda, CA","453","06001430400",0.210208816705336
"06","001","430700","06001430700",1400000US06001430700,"4307",Census Tract 4307,G5020,S,"1322603","0","+37.7060948","-122.0822254",14000US06001430700,"Census Tract 4307, Alameda, CA","636","06001430700",0.155691554467564
"06","001","422500","06001422500",1400000US06001422500,"4225",Census Tract 4225,G5020,S,"465527","0","+37.8773391","-122.2602611",14000US06001422500,"Census Tract 4225, Alameda, CA","393","06001422500",0.0879785090664876
"06","001","422700","06001422700",1400000US06001422700,"4227",Census Tract 4227,G5020,S,"346821","0","+37.8679151","-122.2495095",14000US06001422700,"Census Tract 4227, Alameda, CA","132","06001422700",0.0274828232354778
"06","001","423000","06001423000",1400000US06001423000,"4230",Census Tract 4230,G5020,S,"730083","0","+37.8668441","-122.2771352",14000US06001423000,"Census Tract 4230, Alameda, CA","611","06001423000",0.134315234117388
"06","001","423100","06001423100",1400000US06001423100,"4231",Census Tract 4231,G5020,S,"748653","0","+37.8658070","-122.2863197",14000US06001423100,"Census Tract 4231, Alameda, CA","881","06001423100",0.206081871345029
"06","001","424002","06001424002",1400000US06001424002,"4240.02",Census Tract 4240.02,G5020,S,"326768","0","+37.8504772","-122.2815310",14000US06001424002,"Census Tract 4240.02, Alameda, CA","358","06001424002",0.134434847915884
"06","001","426200","06001426200",1400000US06001426200,"4262",Census Tract 4262,G5020,S,"1358213","0","+37.8246262","-122.2406411",14000US06001426200,"Census Tract 4262, Alameda, CA","990","06001426200",0.203661797983954
"06","001","427100","06001427100",1400000US06001427100,"4271",Census Tract 4271,G5020,S,"1025446","168200","+37.7649090","-122.2299614",14000US06001427100,"Census Tract 4271, Alameda, CA","743","06001427100",0.175982946470867
"06","001","427200","06001427200",1400000US06001427200,"4272",Census Tract 4272,G5020,S,"1329667","625070","+37.7808270","-122.2482550",14000US06001427200,"Census Tract 4272, Alameda, CA","505","06001427200",0.112023070097604
"06","001","427300","06001427300",1400000US06001427300,"4273",Census Tract 4273,G5020,S,"1950569","821461","+37.7810489","-122.2662775",14000US06001427300,"Census Tract 4273, Alameda, CA","835","06001427300",0.158054135907628
"06","001","423300","06001423300",1400000US06001423300,"4233",Census Tract 4233,G5020,S,"726625","0","+37.8573281","-122.2842016",14000US06001423300,"Census Tract 4233, Alameda, CA","600","06001423300",0.172612197928654
"06","001","436602","06001436602",1400000US06001436602,"4366.02",Census Tract 4366.02,G5020,S,"894284","0","+37.6518201","-122.0851944",14000US06001436602,"Census Tract 4366.02, Alameda, CA","466","06001436602",0.0886774500475737
"06","001","440304","06001440304",1400000US06001440304,"4403.04",Census Tract 4403.04,G5020,S,"977965","0","+37.5868721","-122.0766157",14000US06001440304,"Census Tract 4403.04, Alameda, CA","1142","06001440304",0.244959244959245
"06","001","423400","06001423400",1400000US06001423400,"4234",Census Tract 4234,G5020,S,"755441","0","+37.8583735","-122.2758840",14000US06001423400,"Census Tract 4234, Alameda, CA","641","06001423400",0.115474689245181
"06","001","423500","06001423500",1400000US06001423500,"4235",Census Tract 4235,G5020,S,"635744","0","+37.8593612","-122.2680480",14000US06001423500,"Census Tract 4235, Alameda, CA","675","06001423500",0.190677966101695
"06","001","423602","06001423602",1400000US06001423602,"4236.02",Census Tract 4236.02,G5020,S,"404545","0","+37.8631828","-122.2592684",14000US06001423602,"Census Tract 4236.02, Alameda, CA","711","06001423602",0.0987774381772715
"06","001","427600","06001427600",1400000US06001427600,"4276",Census Tract 4276,G5020,S,"582864","0","+37.7778323","-122.2835979",14000US06001427600,"Census Tract 4276, Alameda, CA","515","06001427600",0.108649789029536
"06","001","433000","06001433000",1400000US06001433000,"4330",Census Tract 4330,G5020,S,"1316548","0","+37.7159042","-122.1354894",14000US06001433000,"Census Tract 4330, Alameda, CA","792","06001433000",0.208475914714399
"06","001","433200","06001433200",1400000US06001433200,"4332",Census Tract 4332,G5020,S,"3173333","0","+37.7017249","-122.1470315",14000US06001433200,"Census Tract 4332, Alameda, CA","1392","06001433200",0.171428571428571
"06","001","433300","06001433300",1400000US06001433300,"4333",Census Tract 4333,G5020,S,"2520122","0","+37.6985123","-122.1575782",14000US06001433300,"Census Tract 4333, Alameda, CA","1401","06001433300",0.190172390389575
"06","001","433400","06001433400",1400000US06001433400,"4334",Census Tract 4334,G5020,S,"5417052","3744232","+37.6862098","-122.1772459",14000US06001433400,"Census Tract 4334, Alameda, CA","1136","06001433400",0.188079470198675
"06","001","433500","06001433500",1400000US06001433500,"4335",Census Tract 4335,G5020,S,"1234041","0","+37.6845055","-122.1553170",14000US06001433500,"Census Tract 4335, Alameda, CA","845","06001433500",0.19601020644862
"06","001","433102","06001433102",1400000US06001433102,"4331.02",Census Tract 4331.02,G5020,S,"1504293","0","+37.7020462","-122.1331241",14000US06001433102,"Census Tract 4331.02, Alameda, CA","718","06001433102",0.161529808773903
"06","001","440307","06001440307",1400000US06001440307,"4403.07",Census Tract 4403.07,G5020,S,"1404956","0","+37.5911451","-122.0486878",14000US06001440307,"Census Tract 4403.07, Alameda, CA","1161","06001440307",0.259093952242803
"06","001","440308","06001440308",1400000US06001440308,"4403.08",Census Tract 4403.08,G5020,S,"1838208","0","+37.5893168","-122.0278170",14000US06001440308,"Census Tract 4403.08, Alameda, CA","1386","06001440308",0.230577274995841
"06","001","441200","06001441200",1400000US06001441200,"4412",Census Tract 4412,G5020,S,"3248023","11692","+37.5780625","-121.9910071",14000US06001441200,"Census Tract 4412, Alameda, CA","1096","06001441200",0.14903453902638
"06","001","441301","06001441301",1400000US06001441301,"4413.01",Census Tract 4413.01,G5020,S,"3239687","0","+37.5716231","-122.0024689",14000US06001441301,"Census Tract 4413.01, Alameda, CA","481","06001441301",0.144444444444444
"06","001","441302","06001441302",1400000US06001441302,"4413.02",Census Tract 4413.02,G5020,S,"1994662","0","+37.5693426","-122.0194346",14000US06001441302,"Census Tract 4413.02, Alameda, CA","857","06001441302",0.147048730267673
"06","001","440331","06001440331",1400000US06001440331,"4403.31",Census Tract 4403.31,G5020,S,"1761655","0","+37.5980622","-122.0829553",14000US06001440331,"Census Tract 4403.31, Alameda, CA","423","06001440331",0.129120879120879
"06","001","433900","06001433900",1400000US06001433900,"4339",Census Tract 4339,G5020,S,"816590","0","+37.6992655","-122.1135392",14000US06001433900,"Census Tract 4339, Alameda, CA","482","06001433900",0.0670655349937387
"06","001","434000","06001434000",1400000US06001434000,"4340",Census Tract 4340,G5020,S,"1217965","0","+37.6923450","-122.1102056",14000US06001434000,"Census Tract 4340, Alameda, CA","720","06001434000",0.139372822299652
"06","001","435500","06001435500",1400000US06001435500,"4355",Census Tract 4355,G5020,S,"1012334","0","+37.6809369","-122.0933300",14000US06001435500,"Census Tract 4355, Alameda, CA","544","06001435500",0.130989646039008
"06","001","435800","06001435800",1400000US06001435800,"4358",Census Tract 4358,G5020,S,"1310022","0","+37.6793903","-122.1296211",14000US06001435800,"Census Tract 4358, Alameda, CA","776","06001435800",0.136451556180763
"06","001","435900","06001435900",1400000US06001435900,"4359",Census Tract 4359,G5020,S,"2413826","53278","+37.6724681","-122.1473050",14000US06001435900,"Census Tract 4359, Alameda, CA","803","06001435900",0.15179584120983
"06","001","436000","06001436000",1400000US06001436000,"4360",Census Tract 4360,G5020,S,"1345104","0","+37.6690407","-122.1375296",14000US06001436000,"Census Tract 4360, Alameda, CA","769","06001436000",0.150371529135706
"06","001","436100","06001436100",1400000US06001436100,"4361",Census Tract 4361,G5020,S,"1261383","0","+37.6717496","-122.1236242",14000US06001436100,"Census Tract 4361, Alameda, CA","989","06001436100",0.171552471812663
"06","001","436200","06001436200",1400000US06001436200,"4362",Census Tract 4362,G5020,S,"644516","0","+37.6685047","-122.1121200",14000US06001436200,"Census Tract 4362, Alameda, CA","607","06001436200",0.147044573643411
"06","001","436700","06001436700",1400000US06001436700,"4367",Census Tract 4367,G5020,S,"798269","0","+37.6619708","-122.1005195",14000US06001436700,"Census Tract 4367, Alameda, CA","346","06001436700",0.102762102762103
"06","001","436800","06001436800",1400000US06001436800,"4368",Census Tract 4368,G5020,S,"1025366","0","+37.6535732","-122.0944503",14000US06001436800,"Census Tract 4368, Alameda, CA","460","06001436800",0.109628217349857
"06","001","436900","06001436900",1400000US06001436900,"4369",Census Tract 4369,G5020,S,"1207092","0","+37.6603504","-122.1097205",14000US06001436900,"Census Tract 4369, Alameda, CA","638","06001436900",0.099640793378104
"06","001","437000","06001437000",1400000US06001437000,"4370",Census Tract 4370,G5020,S,"1597254","0","+37.6471440","-122.1015751",14000US06001437000,"Census Tract 4370, Alameda, CA","526","06001437000",0.151541342552579
"06","001","437200","06001437200",1400000US06001437200,"4372",Census Tract 4372,G5020,S,"2554603","0","+37.6431726","-122.1115983",14000US06001437200,"Census Tract 4372, Alameda, CA","1440","06001437200",0.169591331998587
"06","001","437300","06001437300",1400000US06001437300,"4373",Census Tract 4373,G5020,S,"1027863","0","+37.6362157","-122.0929895",14000US06001437300,"Census Tract 4373, Alameda, CA","507","06001437300",0.161722488038278
"06","001","437400","06001437400",1400000US06001437400,"4374",Census Tract 4374,G5020,S,"858407","0","+37.6428175","-122.0876396",14000US06001437400,"Census Tract 4374, Alameda, CA","640","06001437400",0.171443878917761
"06","001","437600","06001437600",1400000US06001437600,"4376",Census Tract 4376,G5020,S,"818977","0","+37.6353602","-122.0804834",14000US06001437600,"Census Tract 4376, Alameda, CA","660","06001437600",0.191027496382055
"06","001","437900","06001437900",1400000US06001437900,"4379",Census Tract 4379,G5020,S,"674755","0","+37.6428283","-122.0613135",14000US06001437900,"Census Tract 4379, Alameda, CA","234","06001437900",0.115157480314961
"06","001","438100","06001438100",1400000US06001438100,"4381",Census Tract 4381,G5020,S,"2001857","0","+37.6181753","-122.0389678",14000US06001438100,"Census Tract 4381, Alameda, CA","943","06001438100",0.118571608198164
"06","001","438201","06001438201",1400000US06001438201,"4382.01",Census Tract 4382.01,G5020,S,"983499","0","+37.6262681","-122.0764388",14000US06001438201,"Census Tract 4382.01, Alameda, CA","676","06001438201",0.138100102145046
"06","001","438400","06001438400",1400000US06001438400,"4384",Census Tract 4384,G5020,S,"1723691","0","+37.6184511","-122.0826040",14000US06001438400,"Census Tract 4384, Alameda, CA","524","06001438400",0.196181205540996
"06","001","437800","06001437800",1400000US06001437800,"4378",Census Tract 4378,G5020,S,"1275626","0","+37.6431437","-122.0686970",14000US06001437800,"Census Tract 4378, Alameda, CA","532","06001437800",0.107692307692308
"06","001","440200","06001440200",1400000US06001440200,"4402",Census Tract 4402,G5020,S,"1160876","0","+37.6003622","-122.0225189",14000US06001440200,"Census Tract 4402, Alameda, CA","715","06001440200",0.126750576138982
"06","001","432200","06001432200",1400000US06001432200,"4322",Census Tract 4322,G5020,S,"1023815","0","+37.7330544","-122.1562452",14000US06001432200,"Census Tract 4322, Alameda, CA","703","06001432200",0.176323049912215
"06","001","432300","06001432300",1400000US06001432300,"4323",Census Tract 4323,G5020,S,"1044920","0","+37.7308763","-122.1656514",14000US06001432300,"Census Tract 4323, Alameda, CA","776","06001432300",0.159212146081247
"06","001","440305","06001440305",1400000US06001440305,"4403.05",Census Tract 4403.05,G5020,S,"929238","0","+37.5773823","-122.0746665",14000US06001440305,"Census Tract 4403.05, Alameda, CA","867","06001440305",0.213336614173228
"06","001","432700","06001432700",1400000US06001432700,"4327",Census Tract 4327,G5020,S,"828635","0","+37.7270704","-122.1428436",14000US06001432700,"Census Tract 4327, Alameda, CA","467","06001432700",0.16950998185118
"06","001","432502","06001432502",1400000US06001432502,"4325.02",Census Tract 4325.02,G5020,S,"823638","0","+37.7234991","-122.1735223",14000US06001432502,"Census Tract 4325.02, Alameda, CA","735","06001432502",0.143386656262193
"06","001","433103","06001433103",1400000US06001433103,"4331.03",Census Tract 4331.03,G5020,S,"693343","0","+37.7093385","-122.1390414",14000US06001433103,"Census Tract 4331.03, Alameda, CA","497","06001433103",0.139921171171171
"06","001","441927","06001441927",1400000US06001441927,"4419.27",Census Tract 4419.27,G5020,S,"650133","0","+37.5465021","-121.9765770",14000US06001441927,"Census Tract 4419.27, Alameda, CA","518","06001441927",0.122487585717664
"06","001","404101","06001404101",1400000US06001404101,"4041.01",Census Tract 4041.01,G5020,S,"569281","0","+37.8300877","-122.2498696",14000US06001404101,"Census Tract 4041.01, Alameda, CA","595","06001404101",0.185473815461347
"06","001","405302","06001405302",1400000US06001405302,"4053.02",Census Tract 4053.02,G5020,S,"205566","0","+37.7985075","-122.2543138",14000US06001405302,"Census Tract 4053.02, Alameda, CA","554","06001405302",0.216490816725283
"06","001","405600","06001405600",1400000US06001405600,"4056",Census Tract 4056,G5020,S,"428774","0","+37.8008019","-122.2372726",14000US06001405600,"Census Tract 4056, Alameda, CA","239","06001405600",0.078515111695138
"06","001","406400","06001406400",1400000US06001406400,"4064",Census Tract 4064,G5020,S,"487977","77536","+37.7986398","-122.2220610",14000US06001406400,"Census Tract 4064, Alameda, CA","858","06001406400",0.330254041570439
"06","001","405700","06001405700",1400000US06001405700,"4057",Census Tract 4057,G5020,S,"546860","0","+37.7982307","-122.2296737",14000US06001405700,"Census Tract 4057, Alameda, CA","304","06001405700",0.0863145939806928
"06","001","405800","06001405800",1400000US06001405800,"4058",Census Tract 4058,G5020,S,"519053","0","+37.7939452","-122.2330985",14000US06001405800,"Census Tract 4058, Alameda, CA","400","06001405800",0.0956480153036824
"06","001","444301","06001444301",1400000US06001444301,"4443.01",Census Tract 4443.01,G5020,S,"2576475","0","+37.5365190","-122.0571016",14000US06001444301,"Census Tract 4443.01, Alameda, CA","563","06001444301",0.152244456462953
"06","001","450750","06001450750",1400000US06001450750,"4507.50",Census Tract 4507.50,G5020,S,"1682950","0","+37.7054323","-121.8611962",14000US06001450750,"Census Tract 4507.50, Alameda, CA","558","06001450750",0.0813648293963255
"06","001","404700","06001404700",1400000US06001404700,"4047",Census Tract 4047,G5020,S,"1195709","0","+37.8133308","-122.2069747",14000US06001404700,"Census Tract 4047, Alameda, CA","464","06001404700",0.212162780064015
"06","001","404800","06001404800",1400000US06001404800,"4048",Census Tract 4048,G5020,S,"628406","0","+37.8055076","-122.2131962",14000US06001404800,"Census Tract 4048, Alameda, CA","621","06001404800",0.22631195335277
"06","001","405200","06001405200",1400000US06001405200,"4052",Census Tract 4052,G5020,S,"857818","0","+37.8052759","-122.2433884",14000US06001405200,"Census Tract 4052, Alameda, CA","738","06001405200",0.150213718705475
"06","001","405500","06001405500",1400000US06001405500,"4055",Census Tract 4055,G5020,S,"411721","0","+37.7982821","-122.2432790",14000US06001405500,"Census Tract 4055, Alameda, CA","585","06001405500",0.165394402035623
"06","001","451403","06001451403",1400000US06001451403,"4514.03",Census Tract 4514.03,G5020,S,"679556","0","+37.6912321","-121.7842500",14000US06001451403,"Census Tract 4514.03, Alameda, CA","337","06001451403",0.154304029304029
"06","001","405100","06001405100",1400000US06001405100,"4051",Census Tract 4051,G5020,S,"1256520","0","+37.8114250","-122.2322366",14000US06001405100,"Census Tract 4051, Alameda, CA","924","06001405100",0.204968944099379
"06","001","404900","06001404900",1400000US06001404900,"4049",Census Tract 4049,G5020,S,"1011184","0","+37.8041422","-122.2215059",14000US06001404900,"Census Tract 4049, Alameda, CA","964","06001404900",0.206468194474191
"06","001","405401","06001405401",1400000US06001405401,"4054.01",Census Tract 4054.01,G5020,S,"313930","0","+37.7965384","-122.2494562",14000US06001405401,"Census Tract 4054.01, Alameda, CA","398","06001405401",0.11239762778876
"06","001","451703","06001451703",1400000US06001451703,"4517.03",Census Tract 4517.03,G5020,S,"1720327","0","+37.6673232","-121.8010388",14000US06001451703,"Census Tract 4517.03, Alameda, CA","627","06001451703",0.163835902795924
"06","001","990000","06001990000",1400000US06001990000,"9900",Census Tract 9900,G5020,S,"0","137191025","+37.6836727","-122.2287162",14000US06001990000,"Census Tract 9900, Alameda, CA","0","06001990000",
"06","001","442302","06001442302",1400000US06001442302,"4423.02",Census Tract 4423.02,G5020,S,"963153","0","+37.5360343","-121.9604172",14000US06001442302,"Census Tract 4423.02, Alameda, CA","471","06001442302",0.0761396702230844
"06","001","406602","06001406602",1400000US06001406602,"4066.02",Census Tract 4066.02,G5020,S,"414724","0","+37.7964782","-122.2143072",14000US06001406602,"Census Tract 4066.02, Alameda, CA","372","06001406602",0.146456692913386
"06","001","407101","06001407101",1400000US06001407101,"4071.01",Census Tract 4071.01,G5020,S,"370826","0","+37.7831286","-122.2143965",14000US06001407101,"Census Tract 4071.01, Alameda, CA","448","06001407101",0.110535405872193
"06","001","407102","06001407102",1400000US06001407102,"4071.02",Census Tract 4071.02,G5020,S,"660864","0","+37.7807761","-122.2102384",14000US06001407102,"Census Tract 4071.02, Alameda, CA","397","06001407102",0.0930178069353327
"06","001","432501","06001432501",1400000US06001432501,"4325.01",Census Tract 4325.01,G5020,S,"1365205","0","+37.7167215","-122.1661682",14000US06001432501,"Census Tract 4325.01, Alameda, CA","914","06001432501",0.186835650040883
"06","001","406201","06001406201",1400000US06001406201,"4062.01",Census Tract 4062.01,G5020,S,"408064","0","+37.7850449","-122.2307359",14000US06001406201,"Census Tract 4062.01, Alameda, CA","435","06001406201",0.0857649842271293
"06","001","406202","06001406202",1400000US06001406202,"4062.02",Census Tract 4062.02,G5020,S,"392183","0","+37.7819786","-122.2265557",14000US06001406202,"Census Tract 4062.02, Alameda, CA","681","06001406202",0.143883372068456
"06","001","406300","06001406300",1400000US06001406300,"4063",Census Tract 4063,G5020,S,"485715","0","+37.7892880","-122.2250127",14000US06001406300,"Census Tract 4063, Alameda, CA","601","06001406300",0.131913959613696
"06","001","450501","06001450501",1400000US06001450501,"4505.01",Census Tract 4505.01,G5020,S,"1162383","0","+37.7068496","-121.9419577",14000US06001450501,"Census Tract 4505.01, Alameda, CA","477","06001450501",0.140294117647059
"06","001","406100","06001406100",1400000US06001406100,"4061",Census Tract 4061,G5020,S,"1844041","74875","+37.7741755","-122.2275801",14000US06001406100,"Census Tract 4061, Alameda, CA","673","06001406100",0.136262401295809
"06","001","403000","06001403000",1400000US06001403000,"4030",Census Tract 4030,G5020,S,"352394","0","+37.8004341","-122.2707274",14000US06001403000,"Census Tract 4030, Alameda, CA","1093","06001403000",0.377286848463928
"06","001","410000","06001410000",1400000US06001410000,"4100",Census Tract 4100,G5020,S,"6550967","145283","+37.7447940","-122.1335017",14000US06001410000,"Census Tract 4100, Alameda, CA","1026","06001410000",0.322946175637394
"06","001","430200","06001430200",1400000US06001430200,"4302",Census Tract 4302,G5020,S,"5334087","0","+37.7216585","-122.0615699",14000US06001430200,"Census Tract 4302, Alameda, CA","1582","06001430200",0.205108258783871
"06","001","407900","06001407900",1400000US06001407900,"4079",Census Tract 4079,G5020,S,"1099098","0","+37.7884273","-122.1847831",14000US06001407900,"Census Tract 4079, Alameda, CA","467","06001407900",0.151230569948187
"06","001","436601","06001436601",1400000US06001436601,"4366.01",Census Tract 4366.01,G5020,S,"1083579","0","+37.6567776","-122.0788946",14000US06001436601,"Census Tract 4366.01, Alameda, CA","668","06001436601",0.100693397648478
"06","001","401400","06001401400",1400000US06001401400,"4014",Census Tract 4014,G5020,S,"754768","0","+37.8207423","-122.2734090",14000US06001401400,"Census Tract 4014, Alameda, CA","424","06001401400",0.0786350148367952
"06","001","400500","06001400500",1400000US06001400500,"4005",Census Tract 4005,G5020,S,"591424","0","+37.8485452","-122.2647353",14000US06001400500,"Census Tract 4005, Alameda, CA","649","06001400500",0.164345403899721
"06","001","451102","06001451102",1400000US06001451102,"4511.02",Census Tract 4511.02,G5020,S,"4513799","261456","+37.6506863","-121.7861589",14000US06001451102,"Census Tract 4511.02, Alameda, CA","722","06001451102",0.182784810126582
"06","001","432800","06001432800",1400000US06001432800,"4328",Census Tract 4328,G5020,S,"3877193","0","+37.7212465","-122.1238270",14000US06001432800,"Census Tract 4328, Alameda, CA","1075","06001432800",0.278353184878301
"06","001","441503","06001441503",1400000US06001441503,"4415.03",Census Tract 4415.03,G5020,S,"72187728","12525279","+37.4899766","-121.9742068",14000US06001441503,"Census Tract 4415.03, Alameda, CA","613","06001441503",0.0826591154261057
"06","001","435400","06001435400",1400000US06001435400,"4354",Census Tract 4354,G5020,S,"1325172","0","+37.6739167","-122.0831700",14000US06001435400,"Census Tract 4354, Alameda, CA","632","06001435400",0.125198098256735
"06","001","438000","06001438000",1400000US06001438000,"4380",Census Tract 4380,G5020,S,"2432817","0","+37.6190827","-122.0284675",14000US06001438000,"Census Tract 4380, Alameda, CA","482","06001438000",0.132235939643347
"06","001","451201","06001451201",1400000US06001451201,"4512.01",Census Tract 4512.01,G5020,S,"3662205","9862","+37.7127935","-121.7417475",14000US06001451201,"Census Tract 4512.01, Alameda, CA","967","06001451201",0.12775796010041
"06","001","451202","06001451202",1400000US06001451202,"4512.02",Census Tract 4512.02,G5020,S,"45820506","0","+37.7346905","-121.7690050",14000US06001451202,"Census Tract 4512.02, Alameda, CA","705","06001451202",0.128602699744619
"06","001","409000","06001409000",1400000US06001409000,"4090",Census Tract 4090,G5020,S,"16913369","4389421","+37.7299594","-122.2164979",14000US06001409000,"Census Tract 4090, Alameda, CA","480","06001409000",0.0952569954356023
"06","001","401500","06001401500",1400000US06001401500,"4015",Census Tract 4015,G5020,S,"467741","0","+37.8229286","-122.2806336",14000US06001401500,"Census Tract 4015, Alameda, CA","176","06001401500",0.0579901153212521
"06","001","401600","06001401600",1400000US06001401600,"4016",Census Tract 4016,G5020,S,"636136","0","+37.8173713","-122.2814822",14000US06001401600,"Census Tract 4016, Alameda, CA","122","06001401600",0.0507698709945901
"06","001","402400","06001402400",1400000US06001402400,"4024",Census Tract 4024,G5020,S,"337011","0","+37.8120305","-122.2824576",14000US06001402400,"Census Tract 4024, Alameda, CA","481","06001402400",0.183377811666031
"06","001","402200","06001402200",1400000US06001402200,"4022",Census Tract 4022,G5020,S,"715808","0","+37.8063266","-122.2962183",14000US06001402200,"Census Tract 4022, Alameda, CA","247","06001402200",0.105691056910569
"06","001","402500","06001402500",1400000US06001402500,"4025",Census Tract 4025,G5020,S,"365454","0","+37.8057305","-122.2847803",14000US06001402500,"Census Tract 4025, Alameda, CA","208","06001402500",0.103482587064677
"06","001","402600","06001402600",1400000US06001402600,"4026",Census Tract 4026,G5020,S,"318842","0","+37.8042700","-122.2799551",14000US06001402600,"Census Tract 4026, Alameda, CA","346","06001402600",0.266153846153846
"06","001","402700","06001402700",1400000US06001402700,"4027",Census Tract 4027,G5020,S,"387217","0","+37.8103325","-122.2770981",14000US06001402700,"Census Tract 4027, Alameda, CA","226","06001402700",0.110838646395292
"06","001","403100","06001403100",1400000US06001403100,"4031",Census Tract 4031,G5020,S,"346852","0","+37.8022741","-122.2755012",14000US06001403100,"Census Tract 4031, Alameda, CA","304","06001403100",0.156620298815044
"06","001","404501","06001404501",1400000US06001404501,"4045.01",Census Tract 4045.01,G5020,S,"1079143","5141","+37.8271275","-122.2171515",14000US06001404501,"Census Tract 4045.01, Alameda, CA","411","06001404501",0.225824175824176
"06","001","403800","06001403800",1400000US06001403800,"4038",Census Tract 4038,G5020,S,"652668","0","+37.8148236","-122.2416662",14000US06001403800,"Census Tract 4038, Alameda, CA","621","06001403800",0.154940119760479
"06","001","403900","06001403900",1400000US06001403900,"4039",Census Tract 4039,G5020,S,"493100","0","+37.8171784","-122.2487713",14000US06001403900,"Census Tract 4039, Alameda, CA","691","06001403900",0.177955189286634
"06","001","404000","06001404000",1400000US06001404000,"4040",Census Tract 4040,G5020,S,"366986","0","+37.8233126","-122.2536627",14000US06001404000,"Census Tract 4040, Alameda, CA","433","06001404000",0.137678855325914
"06","001","438300","06001438300",1400000US06001438300,"4383",Census Tract 4383,G5020,S,"855994","0","+37.6282241","-122.0885230",14000US06001438300,"Census Tract 4383, Alameda, CA","465","06001438300",0.119261349063863
"06","001","433700","06001433700",1400000US06001433700,"4337",Census Tract 4337,G5020,S,"1284676","0","+37.6876466","-122.1145204",14000US06001433700,"Census Tract 4337, Alameda, CA","322","06001433700",0.10304
"06","001","450701","06001450701",1400000US06001450701,"4507.01",Census Tract 4507.01,G5020,S,"263547378","3630169","+37.5511338","-121.8054596",14000US06001450701,"Census Tract 4507.01, Alameda, CA","1306","06001450701",0.149462119478141
"06","001","403600","06001403600",1400000US06001403600,"4036",Census Tract 4036,G5020,S,"392820","0","+37.8135239","-122.2534812",14000US06001403600,"Census Tract 4036, Alameda, CA","463","06001403600",0.0915743670886076
"06","001","435300","06001435300",1400000US06001435300,"4353",Census Tract 4353,G5020,S,"1285132","0","+37.6807762","-122.0646561",14000US06001435300,"Census Tract 4353, Alameda, CA","923","06001435300",0.191812136325852
"06","001","409800","06001409800",1400000US06001409800,"4098",Census Tract 4098,G5020,S,"1790048","0","+37.7603601","-122.1557634",14000US06001409800,"Census Tract 4098, Alameda, CA","384","06001409800",0.10937054970094
"06","001","440306","06001440306",1400000US06001440306,"4403.06",Census Tract 4403.06,G5020,S,"676512","0","+37.5849957","-122.0683439",14000US06001440306,"Census Tract 4403.06, Alameda, CA","607","06001440306",0.16028518616319
"06","001","450601","06001450601",1400000US06001450601,"4506.01",Census Tract 4506.01,G5020,S,"50094583","0","+37.6532670","-121.9307573",14000US06001450601,"Census Tract 4506.01, Alameda, CA","816","06001450601",0.222585924713584
"06","001","435700","06001435700",1400000US06001435700,"4357",Census Tract 4357,G5020,S,"1330957","0","+37.6786744","-122.1161142",14000US06001435700,"Census Tract 4357, Alameda, CA","958","06001435700",0.198796430794771
"06","001","400600","06001400600",1400000US06001400600,"4006",Census Tract 4006,G5020,S,"297856","0","+37.8419909","-122.2648882",14000US06001400600,"Census Tract 4006, Alameda, CA","160","06001400600",0.0777453838678328
"06","001","442000","06001442000",1400000US06001442000,"4420",Census Tract 4420,G5020,S,"7960069","0","+37.5590456","-121.9353151",14000US06001442000,"Census Tract 4420, Alameda, CA","592","06001442000",0.198724404162471
"06","001","426100","06001426100",1400000US06001426100,"4261",Census Tract 4261,G5020,S,"3047861","0","+37.8216083","-122.2252725",14000US06001426100,"Census Tract 4261, Alameda, CA","1591","06001426100",0.252539682539683
"06","001","400100","06001400100",1400000US06001400100,"4001",Census Tract 4001,G5020,S,"6945856","0","+37.8676563","-122.2318813",14000US06001400100,"Census Tract 4001, Alameda, CA","884","06001400100",0.27041908840624
"06","001","404502","06001404502",1400000US06001404502,"4045.02",Census Tract 4045.02,G5020,S,"3079867","0","+37.8346277","-122.2024752",14000US06001404502,"Census Tract 4045.02, Alameda, CA","1359","06001404502",0.222422258592471
"06","001","437500","06001437500",1400000US06001437500,"4375",Census Tract 4375,G5020,S,"633556","0","+37.6440336","-122.0793901",14000US06001437500,"Census Tract 4375, Alameda, CA","411","06001437500",0.0985139022051774
"06","001","441100","06001441100",1400000US06001441100,"4411",Census Tract 4411,G5020,S,"15528473","0","+37.5856169","-121.9620462",14000US06001441100,"Census Tract 4411, Alameda, CA","1109","06001441100",0.239421416234888
"06","001","451503","06001451503",1400000US06001451503,"4515.03",Census Tract 4515.03,G5020,S,"2674109","0","+37.6849518","-121.7489971",14000US06001451503,"Census Tract 4515.03, Alameda, CA","993","06001451503",0.162680209698558
"06","001","408100","06001408100",1400000US06001408100,"4081",Census Tract 4081,G5020,S,"8937288","0","+37.7854008","-122.1572103",14000US06001408100,"Census Tract 4081, Alameda, CA","1354","06001408100",0.185149733351566
"06","001","450742","06001450742",1400000US06001450742,"4507.42",Census Tract 4507.42,G5020,S,"7245749","849637","+37.6677204","-121.8281073",14000US06001450742,"Census Tract 4507.42, Alameda, CA","1067","06001450742",0.19417652411283
"06","001","440301","06001440301",1400000US06001440301,"4403.01",Census Tract 4403.01,G5020,S,"4329373","0","+37.6012643","-122.0427413",14000US06001440301,"Census Tract 4403.01, Alameda, CA","910","06001440301",0.128640090472152
"06","001","406800","06001406800",1400000US06001406800,"4068",Census Tract 4068,G5020,S,"912527","0","+37.7978944","-122.1949575",14000US06001406800,"Census Tract 4068, Alameda, CA","728","06001406800",0.183329136237723
"06","001","430500","06001430500",1400000US06001430500,"4305",Census Tract 4305,G5020,S,"2607359","0","+37.7049262","-122.1091621",14000US06001430500,"Census Tract 4305, Alameda, CA","863","06001430500",0.13808
"06","001","422000","06001422000",1400000US06001422000,"4220",Census Tract 4220,G5020,S,"4504647","5864364","+37.8592091","-122.3016412",14000US06001422000,"Census Tract 4220, Alameda, CA","409","06001422000",0.166734610680799
"06","001","442200","06001442200",1400000US06001442200,"4422",Census Tract 4422,G5020,S,"4191206","0","+37.5345806","-121.9421080",14000US06001442200,"Census Tract 4422, Alameda, CA","709","06001442200",0.0972165089812149
"06","001","436402","06001436402",1400000US06001436402,"4364.02",Census Tract 4364.02,G5020,S,"4269293","0","+37.6668235","-122.0404127",14000US06001436402,"Census Tract 4364.02, Alameda, CA","608","06001436402",0.226190476190476
"06","001","450741","06001450741",1400000US06001450741,"4507.41",Census Tract 4507.41,G5020,S,"2182370","0","+37.6602378","-121.8650769",14000US06001450741,"Census Tract 4507.41, Alameda, CA","1155","06001450741",0.201149425287356
"06","001","421600","06001421600",1400000US06001421600,"4216",Census Tract 4216,G5020,S,"1324489","0","+37.8839086","-122.2560313",14000US06001421600,"Census Tract 4216, Alameda, CA","981","06001421600",0.254540736896731
"06","001","431100","06001431100",1400000US06001431100,"4311",Census Tract 4311,G5020,S,"984303","0","+37.6881137","-122.0672905",14000US06001431100,"Census Tract 4311, Alameda, CA","338","06001431100",0.103712795335993
"06","001","421200","06001421200",1400000US06001421200,"4212",Census Tract 4212,G5020,S,"1314935","2266","+37.8963668","-122.2746996",14000US06001421200,"Census Tract 4212, Alameda, CA","1268","06001421200",0.356480179926905
"06","001","422800","06001422800",1400000US06001422800,"4228",Census Tract 4228,G5020,S,"408571","0","+37.8667875","-122.2599790",14000US06001422800,"Census Tract 4228, Alameda, CA","85","06001422800",0.00946547884187082
"06","001","405000","06001405000",1400000US06001405000,"4050",Census Tract 4050,G5020,S,"800678","0","+37.8120851","-122.2190899",14000US06001405000,"Census Tract 4050, Alameda, CA","657","06001405000",0.179263301500682
"06","001","400900","06001400900",1400000US06001400900,"4009",Census Tract 4009,G5020,S,"408342","0","+37.8394130","-122.2802550",14000US06001400900,"Census Tract 4009, Alameda, CA","136","06001400900",0.0478199718706048
"06","001","400700","06001400700",1400000US06001400700,"4007",Census Tract 4007,G5020,S,"865141","0","+37.8417014","-122.2722628",14000US06001400700,"Census Tract 4007, Alameda, CA","475","06001400700",0.0998318621269441
"06","001","400800","06001400800",1400000US06001400800,"4008",Census Tract 4008,G5020,S,"725817","0","+37.8454176","-122.2832338",14000US06001400800,"Census Tract 4008, Alameda, CA","555","06001400800",0.1280276816609
"06","001","451602","06001451602",1400000US06001451602,"4516.02",Census Tract 4516.02,G5020,S,"3013437","0","+37.6712489","-121.7756214",14000US06001451602,"Census Tract 4516.02, Alameda, CA","1510","06001451602",0.218555507309307
"06","001","400200","06001400200",1400000US06001400200,"4002",Census Tract 4002,G5020,S,"586560","0","+37.8481378","-122.2495916",14000US06001400200,"Census Tract 4002, Alameda, CA","553","06001400200",0.257568700512343
"06","001","435200","06001435200",1400000US06001435200,"4352",Census Tract 4352,G5020,S,"2256370","61592","+37.6880455","-122.0490826",14000US06001435200,"Census Tract 4352, Alameda, CA","1127","06001435200",0.242522057241231
"06","001","410300","06001410300",1400000US06001410300,"4103",Census Tract 4103,G5020,S,"578329","0","+37.7466798","-122.1661407",14000US06001410300,"Census Tract 4103, Alameda, CA","162","06001410300",0.0416131518109427
"06","001","409900","06001409900",1400000US06001409900,"4099",Census Tract 4099,G5020,S,"4315219","0","+37.7620318","-122.1358942",14000US06001409900,"Census Tract 4099, Alameda, CA","933","06001409900",0.234245543560131
"06","001","421300","06001421300",1400000US06001421300,"4213",Census Tract 4213,G5020,S,"1084032","0","+37.8910377","-122.2812606",14000US06001421300,"Census Tract 4213, Alameda, CA","1202","06001421300",0.299675891298928
"06","001","423200","06001423200",1400000US06001423200,"4232",Census Tract 4232,G5020,S,"456778","0","+37.8645164","-122.2936857",14000US06001423200,"Census Tract 4232, Alameda, CA","293","06001423200",0.0975690975690976
"06","001","406000","06001406000",1400000US06001406000,"4060",Census Tract 4060,G5020,S,"2113649","525188","+37.7923700","-122.2603108",14000US06001406000,"Census Tract 4060, Alameda, CA","764","06001406000",0.161351636747624
"06","001","423902","06001423902",1400000US06001423902,"4239.02",Census Tract 4239.02,G5020,S,"294981","0","+37.8548712","-122.2576020",14000US06001423902,"Census Tract 4239.02, Alameda, CA","284","06001423902",0.187830687830688
"06","001","443200","06001443200",1400000US06001443200,"4432",Census Tract 4432,G5020,S,"14504924","0","+37.4877231","-121.8955045",14000US06001443200,"Census Tract 4432, Alameda, CA","720","06001443200",0.19939075048463
"06","001","404200","06001404200",1400000US06001404200,"4042",Census Tract 4042,G5020,S,"2728225","0","+37.8361052","-122.2344831",14000US06001404200,"Census Tract 4042, Alameda, CA","782","06001404200",0.200821777092964
"06","001","400300","06001400300",1400000US06001400300,"4003",Census Tract 4003,G5020,S,"1110840","0","+37.8405841","-122.2544782",14000US06001400300,"Census Tract 4003, Alameda, CA","916","06001400300",0.163018330663819
"06","001","427900","06001427900",1400000US06001427900,"4279",Census Tract 4279,G5020,S,"825214","0","+37.7698045","-122.2582454",14000US06001427900,"Census Tract 4279, Alameda, CA","736","06001427900",0.157063593683312
"06","001","421500","06001421500",1400000US06001421500,"4215",Census Tract 4215,G5020,S,"1580941","0","+37.8917124","-122.2594986",14000US06001421500,"Census Tract 4215, Alameda, CA","1082","06001421500",0.266240157480315
"06","001","407500","06001407500",1400000US06001407500,"4075",Census Tract 4075,G5020,S,"494502","0","+37.7695150","-122.1976093",14000US06001407500,"Census Tract 4075, Alameda, CA","372","06001407500",0.0932798395185557
"06","001","451401","06001451401",1400000US06001451401,"4514.01",Census Tract 4514.01,G5020,S,"4633031","0","+37.6959835","-121.7629309",14000US06001451401,"Census Tract 4514.01, Alameda, CA","1027","06001451401",0.166558546869932
"06","001","443103","06001443103",1400000US06001443103,"4431.03",Census Tract 4431.03,G5020,S,"16687127","0","+37.5270917","-121.9015820",14000US06001443103,"Census Tract 4431.03, Alameda, CA","880","06001443103",0.213333333333333
"06","001","430600","06001430600",1400000US06001430600,"4306",Census Tract 4306,G5020,S,"2261413","0","+37.7041757","-122.0969638",14000US06001430600,"Census Tract 4306, Alameda, CA","1287","06001430600",0.206117873158232
"06","001","451300","06001451300",1400000US06001451300,"4513",Census Tract 4513,G5020,S,"11926523","744296","+37.6930926","-121.8176792",14000US06001451300,"Census Tract 4513, Alameda, CA","1004","06001451300",0.157046769904583
"06","001","408300","06001408300",1400000US06001408300,"4083",Census Tract 4083,G5020,S,"1538489","0","+37.7711951","-122.1646018",14000US06001408300,"Census Tract 4083, Alameda, CA","627","06001408300",0.130870381966187
"06","001","450607","06001450607",1400000US06001450607,"4506.07",Census Tract 4506.07,G5020,S,"4742197","0","+37.6571981","-121.8877285",14000US06001450607,"Census Tract 4506.07, Alameda, CA","776","06001450607",0.149749131609417
"06","001","401800","06001401800",1400000US06001401800,"4018",Census Tract 4018,G5020,S,"301016","0","+37.8095098","-122.2982554",14000US06001401800,"Census Tract 4018, Alameda, CA","127","06001401800",0.0743124634289058
"06","001","400400","06001400400",1400000US06001400400,"4004",Census Tract 4004,G5020,S,"716138","0","+37.8482840","-122.2574447",14000US06001400400,"Census Tract 4004, Alameda, CA","550","06001400400",0.128564749883123
"06","001","401000","06001401000",1400000US06001401000,"4010",Census Tract 4010,G5020,S,"1149000","0","+37.8312043","-122.2718866",14000US06001401000,"Census Tract 4010, Alameda, CA","436","06001401000",0.0694599330890553
"06","001","406700","06001406700",1400000US06001406700,"4067",Census Tract 4067,G5020,S,"1683727","0","+37.8033164","-122.2022249",14000US06001406700,"Census Tract 4067, Alameda, CA","945","06001406700",0.175650557620818
"06","001","423601","06001423601",1400000US06001423601,"4236.01",Census Tract 4236.01,G5020,S,"523435","0","+37.8588898","-122.2587190",14000US06001423601,"Census Tract 4236.01, Alameda, CA","687","06001423601",0.2509130752374
"06","001","435102","06001435102",1400000US06001435102,"4351.02",Census Tract 4351.02,G5020,S,"4174115","0","+37.6551310","-122.0456272",14000US06001435102,"Census Tract 4351.02, Alameda, CA","813","06001435102",0.13247515072511
"06","001","431200","06001431200",1400000US06001431200,"4312",Census Tract 4312,G5020,S,"2025757","26007","+37.6871184","-122.0834504",14000US06001431200,"Census Tract 4312, Alameda, CA","1209","06001431200",0.20613810741688
"06","001","440332","06001440332",1400000US06001440332,"4403.32",Census Tract 4403.32,G5020,S,"2297853","0","+37.5828284","-122.0858891",14000US06001440332,"Census Tract 4403.32, Alameda, CA","410","06001440332",0.12800499531689
"06","001","404400","06001404400",1400000US06001404400,"4044",Census Tract 4044,G5020,S,"4152683","0","+37.8462275","-122.2149841",14000US06001404400,"Census Tract 4044, Alameda, CA","1137","06001404400",0.195260175167439
"06","001","404600","06001404600",1400000US06001404600,"4046",Census Tract 4046,G5020,S,"4877912","0","+37.8199301","-122.1912387",14000US06001404600,"Census Tract 4046, Alameda, CA","1186","06001404600",0.24037292257803
"06","001","436500","06001436500",1400000US06001436500,"4365",Census Tract 4365,G5020,S,"1969166","0","+37.6586484","-122.0688949",14000US06001436500,"Census Tract 4365, Alameda, CA","431","06001436500",0.0814898846662885
"06","001","430800","06001430800",1400000US06001430800,"4308",Census Tract 4308,G5020,S,"1801249","0","+37.6992109","-122.0650346",14000US06001430800,"Census Tract 4308, Alameda, CA","1036","06001430800",0.178190574475404
"06","001","401100","06001401100",1400000US06001401100,"4011",Census Tract 4011,G5020,S,"873332","0","+37.8304839","-122.2638399",14000US06001401100,"Census Tract 4011, Alameda, CA","421","06001401100",0.0760339534043706
"06","001","401200","06001401200",1400000US06001401200,"4012",Census Tract 4012,G5020,S,"663620","0","+37.8306009","-122.2579159",14000US06001401200,"Census Tract 4012, Alameda, CA","328","06001401200",0.109552438209753
"06","001","401300","06001401300",1400000US06001401300,"4013",Census Tract 4013,G5020,S,"861889","0","+37.8181386","-122.2667055",14000US06001401300,"Census Tract 4013, Alameda, CA","522","06001401300",0.11328125
"06","001","402900","06001402900",1400000US06001402900,"4029",Census Tract 4029,G5020,S,"407131","0","+37.8071852","-122.2667035",14000US06001402900,"Census Tract 4029, Alameda, CA","608","06001402900",0.332603938730853
"06","001","441924","06001441924",1400000US06001441924,"4419.24",Census Tract 4419.24,G5020,S,"2184643","0","+37.5647659","-121.9732496",14000US06001441924,"Census Tract 4419.24, Alameda, CA","641","06001441924",0.089040144464509
"06","001","440100","06001440100",1400000US06001440100,"4401",Census Tract 4401,G5020,S,"27383597","0","+37.6164242","-121.9814908",14000US06001440100,"Census Tract 4401, Alameda, CA","751","06001440100",0.282224727546035
"06","001","451601","06001451601",1400000US06001451601,"4516.01",Census Tract 4516.01,G5020,S,"3936359","0","+37.6683795","-121.7607445",14000US06001451601,"Census Tract 4516.01, Alameda, CA","836","06001451601",0.155766722563816
"06","001","401700","06001401700",1400000US06001401700,"4017",Census Tract 4017,G5020,S,"5751456","5771096","+37.8211635","-122.3187951",14000US06001401700,"Census Tract 4017, Alameda, CA","132","06001401700",0.0402930402930403
"06","001","433600","06001433600",1400000US06001433600,"4336",Census Tract 4336,G5020,S,"1581524","0","+37.6860856","-122.1437723",14000US06001433600,"Census Tract 4336, Alameda, CA","1308","06001433600",0.223819301848049
"06","001","438204","06001438204",1400000US06001438204,"4382.04",Census Tract 4382.04,G5020,S,"1489858","0","+37.6270595","-122.0596257",14000US06001438204,"Census Tract 4382.04, Alameda, CA","1462","06001438204",0.229477319102182
"06","001","440336","06001440336",1400000US06001440336,"4403.36",Census Tract 4403.36,G5020,S,"1194635","0","+37.5810200","-122.0173599",14000US06001440336,"Census Tract 4403.36, Alameda, CA","682","06001440336",0.160546139359699
"06","001","441926","06001441926",1400000US06001441926,"4419.26",Census Tract 4419.26,G5020,S,"410207","0","+37.5408120","-121.9787200",14000US06001441926,"Census Tract 4419.26, Alameda, CA","308","06001441926",0.0731591448931116
"06","001","442301","06001442301",1400000US06001442301,"4423.01",Census Tract 4423.01,G5020,S,"1412758","0","+37.5277810","-121.9613408",14000US06001442301,"Census Tract 4423.01, Alameda, CA","470","06001442301",0.0870854178247174
"06","001","442601","06001442601",1400000US06001442601,"4426.01",Census Tract 4426.01,G5020,S,"1181582","0","+37.5443060","-121.9976615",14000US06001442601,"Census Tract 4426.01, Alameda, CA","527","06001442601",0.134301732925586
"06","001","443104","06001443104",1400000US06001443104,"4431.04",Census Tract 4431.04,G5020,S,"1847039","0","+37.5313774","-121.9266867",14000US06001443104,"Census Tract 4431.04, Alameda, CA","708","06001443104",0.127178013292617
"06","001","444601","06001444601",1400000US06001444601,"4446.01",Census Tract 4446.01,G5020,S,"3055836","0","+37.5270567","-122.0162477",14000US06001444601,"Census Tract 4446.01, Alameda, CA","755","06001444601",0.124157210985035
"06","001","450746","06001450746",1400000US06001450746,"4507.46",Census Tract 4507.46,G5020,S,"1733950","0","+37.6736928","-121.8685808",14000US06001450746,"Census Tract 4507.46, Alameda, CA","564","06001450746",0.174667079591205
"06","001","451505","06001451505",1400000US06001451505,"4515.05",Census Tract 4515.05,G5020,S,"1373458","0","+37.6894445","-121.7246715",14000US06001451505,"Census Tract 4515.05, Alameda, CA","522","06001451505",0.165242165242165
"06","001","983200","06001983200",1400000US06001983200,"9832",Census Tract 9832,G5020,S,"494542","154630","+37.7959455","-122.2772680",14000US06001983200,"Census Tract 9832, Alameda, CA","88","06001983200",0.0982142857142857
"06","001","451506","06001451506",1400000US06001451506,"4515.06",Census Tract 4515.06,G5020,S,"851134","0","+37.6833516","-121.7291862",14000US06001451506,"Census Tract 4515.06, Alameda, CA","353","06001451506",0.0994926719278467
"06","001","451704","06001451704",1400000US06001451704,"4517.04",Census Tract 4517.04,G5020,S,"2005363","0","+37.6621234","-121.7900629",14000US06001451704,"Census Tract 4517.04, Alameda, CA","828","06001451704",0.191666666666667
"06","001","405902","06001405902",1400000US06001405902,"4059.02",Census Tract 4059.02,G5020,S,"487280","0","+37.7909447","-122.2409530",14000US06001405902,"Census Tract 4059.02, Alameda, CA","305","06001405902",0.097195666029318
"06","001","410500","06001410500",1400000US06001410500,"4105",Census Tract 4105,G5020,S,"716693","0","+37.8100772","-122.2889321",14000US06001410500,"Census Tract 4105, Alameda, CA","317","06001410500",0.102888672508926
"06","001","425104","06001425104",1400000US06001425104,"4251.04",Census Tract 4251.04,G5020,S,"1087240","0","+37.8326584","-122.2833245",14000US06001425104,"Census Tract 4251.04, Alameda, CA","618","06001425104",0.153961136023916
"06","001","433104","06001433104",1400000US06001433104,"4331.04",Census Tract 4331.04,G5020,S,"1053445","0","+37.7142641","-122.1469937",14000US06001433104,"Census Tract 4331.04, Alameda, CA","814","06001433104",0.185084129149613
"06","001","440333","06001440333",1400000US06001440333,"4403.33",Census Tract 4403.33,G5020,S,"2505503","0","+37.6053298","-122.0738277",14000US06001440333,"Census Tract 4403.33, Alameda, CA","687","06001440333",0.251464128843338
"06","001","441524","06001441524",1400000US06001441524,"4415.24",Census Tract 4415.24,G5020,S,"1680738","0","+37.5594780","-122.0506929",14000US06001441524,"Census Tract 4415.24, Alameda, CA","237","06001441524",0.0576502067623449
"06","001","442602","06001442602",1400000US06001442602,"4426.02",Census Tract 4426.02,G5020,S,"1321053","0","+37.5481936","-122.0049837",14000US06001442602,"Census Tract 4426.02, Alameda, CA","794","06001442602",0.170276645936093
"06","001","443322","06001443322",1400000US06001443322,"4433.22",Census Tract 4433.22,G5020,S,"1148269","0","+37.4829831","-121.9198352",14000US06001443322,"Census Tract 4433.22, Alameda, CA","421","06001443322",0.127151917849592
"06","001","450745","06001450745",1400000US06001450745,"4507.45",Census Tract 4507.45,G5020,S,"5341893","1969293","+37.6803328","-121.8519308",14000US06001450745,"Census Tract 4507.45, Alameda, CA","701","06001450745",0.111358220810167
"06","001","981900","06001981900",1400000US06001981900,"9819",Census Tract 9819,G5020,S,"3824795","1387910","+37.7998452","-122.3173831",14000US06001981900,"Census Tract 9819, Alameda, CA","0","06001981900",0
"06","001","428700","06001428700",1400000US06001428700,"4287",Census Tract 4287,G5020,S,"7640768","4458410","+37.7817406","-122.3026484",14000US06001428700,"Census Tract 4287, Alameda, CA","652","06001428700",0.128397006695549
"06","001","403701","06001403701",1400000US06001403701,"4037.01",Census Tract 4037.01,G5020,S,"173946","0","+37.8112134","-122.2586656",14000US06001403701,"Census Tract 4037.01, Alameda, CA","652","06001403701",0.224132004125129
"06","001","404102","06001404102",1400000US06001404102,"4041.02",Census Tract 4041.02,G5020,S,"230172","0","+37.8260219","-122.2510667",14000US06001404102,"Census Tract 4041.02, Alameda, CA","826","06001404102",0.305812661977046
"06","001","425102","06001425102",1400000US06001425102,"4251.02",Census Tract 4251.02,G5020,S,"735810","0","+37.8398785","-122.2946351",14000US06001425102,"Census Tract 4251.02, Alameda, CA","290","06001425102",0.073066263542454
"06","001","425103","06001425103",1400000US06001425103,"4251.03",Census Tract 4251.03,G5020,S,"876085","0","+37.8425607","-122.2898163",14000US06001425103,"Census Tract 4251.03, Alameda, CA","172","06001425103",0.0554302288108282
"06","001","435103","06001435103",1400000US06001435103,"4351.03",Census Tract 4351.03,G5020,S,"51789791","0","+37.6516747","-121.9827815",14000US06001435103,"Census Tract 4351.03, Alameda, CA","1313","06001435103",0.168896321070234
"06","001","437702","06001437702",1400000US06001437702,"4377.02",Census Tract 4377.02,G5020,S,"371488","0","+37.6384440","-122.0734492",14000US06001437702,"Census Tract 4377.02, Alameda, CA","153","06001437702",0.0394329896907216
"06","001","440334","06001440334",1400000US06001440334,"4403.34",Census Tract 4403.34,G5020,S,"1015383","0","+37.5938189","-122.0649125",14000US06001440334,"Census Tract 4403.34, Alameda, CA","815","06001440334",0.20168275179411
"06","001","441523","06001441523",1400000US06001441523,"4415.23",Census Tract 4415.23,G5020,S,"467064","0","+37.5647764","-122.0464882",14000US06001441523,"Census Tract 4415.23, Alameda, CA","194","06001441523",0.0454971857410882
"06","001","422400","06001422400",1400000US06001422400,"4224",Census Tract 4224,G5020,S,"475566","0","+37.8752396","-122.2695878",14000US06001422400,"Census Tract 4224, Alameda, CA","482","06001422400",0.115118223071412
"06","001","406900","06001406900",1400000US06001406900,"4069",Census Tract 4069,G5020,S,"873127","0","+37.7932754","-122.1903789",14000US06001406900,"Census Tract 4069, Alameda, CA","693","06001406900",0.179301423027167
"06","001","422100","06001422100",1400000US06001422100,"4221",Census Tract 4221,G5020,S,"551942","0","+37.8733067","-122.2965336",14000US06001422100,"Census Tract 4221, Alameda, CA","587","06001422100",0.1834375
"06","001","422200","06001422200",1400000US06001422200,"4222",Census Tract 4222,G5020,S,"675011","0","+37.8728828","-122.2878171",14000US06001422200,"Census Tract 4222, Alameda, CA","404","06001422200",0.123170731707317
"06","001","422300","06001422300",1400000US06001422300,"4223",Census Tract 4223,G5020,S,"560048","0","+37.8740722","-122.2779151",14000US06001422300,"Census Tract 4223, Alameda, CA","696","06001422300",0.195121951219512
"06","001","406601","06001406601",1400000US06001406601,"4066.01",Census Tract 4066.01,G5020,S,"747403","0","+37.7936093","-122.2079606",14000US06001406601,"Census Tract 4066.01, Alameda, CA","729","06001406601",0.160891635400574
"06","001","405402","06001405402",1400000US06001405402,"4054.02",Census Tract 4054.02,G5020,S,"285369","0","+37.7933319","-122.2461006",14000US06001405402,"Census Tract 4054.02, Alameda, CA","513","06001405402",0.139667846447046
"06","001","437102","06001437102",1400000US06001437102,"4371.02",Census Tract 4371.02,G5020,S,"870005","0","+37.6298655","-122.1002746",14000US06001437102,"Census Tract 4371.02, Alameda, CA","845","06001437102",0.189589409916985
"06","001","435601","06001435601",1400000US06001435601,"4356.01",Census Tract 4356.01,G5020,S,"946094","0","+37.6746707","-122.1022676",14000US06001435601,"Census Tract 4356.01, Alameda, CA","534","06001435601",0.0979996329601762
"06","001","437701","06001437701",1400000US06001437701,"4377.01",Census Tract 4377.01,G5020,S,"484105","0","+37.6348665","-122.0697491",14000US06001437701,"Census Tract 4377.01, Alameda, CA","179","06001437701",0.0497636919655268
"06","001","451404","06001451404",1400000US06001451404,"4514.04",Census Tract 4514.04,G5020,S,"1675247","0","+37.6852758","-121.7803514",14000US06001451404,"Census Tract 4514.04, Alameda, CA","521","06001451404",0.0785703513798824
"06","001","450743","06001450743",1400000US06001450743,"4507.43",Census Tract 4507.43,G5020,S,"4278807","0","+37.6930411","-121.8924273",14000US06001450743,"Census Tract 4507.43, Alameda, CA","351","06001450743",0.0472091459314055
"06","001","403501","06001403501",1400000US06001403501,"4035.01",Census Tract 4035.01,G5020,S,"669873","0","+37.8177398","-122.2600504",14000US06001403501,"Census Tract 4035.01, Alameda, CA","936","06001403501",0.190864600326264
"06","001","406500","06001406500",1400000US06001406500,"4065",Census Tract 4065,G5020,S,"745016","0","+37.7880811","-122.2169865",14000US06001406500,"Census Tract 4065, Alameda, CA","940","06001406500",0.14474899907607
"06","001","450744","06001450744",1400000US06001450744,"4507.44",Census Tract 4507.44,G5020,S,"2626683","0","+37.6969031","-121.8651217",14000US06001450744,"Census Tract 4507.44, Alameda, CA","1378","06001450744",0.236851151598487
"06","001","405901","06001405901",1400000US06001405901,"4059.01",Census Tract 4059.01,G5020,S,"452598","0","+37.7877859","-122.2357701",14000US06001405901,"Census Tract 4059.01, Alameda, CA","354","06001405901",0.0942241149853607
"06","001","450101","06001450101",1400000US06001450101,"4501.01",Census Tract 4501.01,G5020,S,"1811639","0","+37.7050855","-121.8851378",14000US06001450101,"Census Tract 4501.01, Alameda, CA","262","06001450101",0.0380647973267471
